prodboomcd,mort_mult
AVN_KBL_F,KBL
AVN_KBL_M,KBL
AVN_KBO_F,KBO
AVN_KBO_M,KBO
MM_CP_KBL_F,KBL
MM_CP_KBL_M,KBL
MM_EP_KBL_F,KBL
MM_EP_KBL_M,KBL
MM_KP_KBL_F,KBL
MM_KP_KBL_M,KBL
MM_CP_KBO_F,KBO
MM_CP_KBO_M,KBO
MM_EP_KBO_F,KBO
MM_EP_KBO_M,KBO
MM_KP_KBO_F,KBO
MM_KP_KBO_M,KBO
DIL_F,LYF
DIL_M,LYF
FP_3_,LYF
FP_3_U,LYF
FP_3_F,LYF
FP_3_M,LYF
FP_2_,KBL
FP_2_U,KBL
FP_2_F,KBL
FP_2_M,KBL
FP_1_,KBO
FP_1_U,KBO
FP_1_F,KBO
FP_1_M,KBO
KOERSPLAN_PUP,KP
KOERSPLAN_PUP_U,KP
KOERSPLAN_PUP_F,KP
KOERSPLAN_PUP_M,KP
KOERSPLAN_PP,KP
KOERSPLAN_PP_U,KP
KOERSPLAN_PP_F,KP
KOERSPLAN_PP_M,KP
SCHAKELSPAAR_U,SPB
SCHAKELSPAAR_F,SPB
SCHAKELSPAAR_M,SPB
PLUSFOND_U,SPB
PLUSFOND_F,SPB
PLUSFOND_M,SPB
BUDGETFOND_U,SPB
BUDGETFOND_F,SPB
BUDGETFOND_M,SPB
KOERSPLAN_,KP
KOERSPLAN_U,SPB
KOERSPLAN_F,SPB
KOERSPLAN_M,SPB
OR_3_,LYF
OR_3_U,LYF
OR_3_F,LYF
OR_3_M,LYF
OR_2_,KBL
OR_2_U,KBL
OR_2_F,KBL
OR_2_M,KBL
OR_1_,KBO
OR_1_U,KBO
OR_1_F,KBO
OR_1_M,KBO
Z_W_3_,LYF
Z_W_3_U,LYF
Z_W_3_F,LYF
Z_W_3_M,LYF
Z_W_2_,KBL
Z_W_2_U,KBL
Z_W_2_F,KBL
Z_W_2_M,KBL
Z_W_1_,KBO
Z_W_1_U,KBO
Z_W_1_F,KBO
Z_W_1_M,KBO
SH_3_,LYF
SH_3_U,LYF
SH_3_F,LYF
SH_3_M,LYF
SH_2_,KBL
SH_2_U,KBL
SH_2_F,KBL
SH_2_M,KBL
SH_1_,KBO
SH_1_U,KBO
SH_1_F,KBO
SH_1_M,KBO
AEGON_SPAARBEURS_KBL_F,KBL
AEGON_SPAARBEURS_KBL_M,KBL
AFP_KBL_F,KBL
AFP_KBO_F,KBO
AFP_KBL_M,KBL
AFP_KBO_M,KBO
LLJ_KBL_F,KBL
LLJ_KBO_F,KBO
LLJ_KBL_M,KBL
LLJ_KBO_M,KBO
LLW_KBL_F,KBL
LLW_KBO_F,KBO
LLW_KBL_M,KBL
LLW_KBO_M,KBO
V&B_KBL_F,KBL
V&B_KBO_F,KBO
V&B_LIJF_F,LYF
V&B_KBL_M,KBL
V&B_KBO_M,KBO
V&B_LIJF_M,LYF
SOLI_KBL_F,KBL
SOLI_KBO_F,KBO
SOLI_LIJF_F,LYF
SOLI_KBL_M,KBL
SOLI_KBO_M,KBO
SOLI_LIJF_M,LYF
PENCOM_KBL_F,KBL
PENCOM_KBO_F,KBO
PENCOM_LIJF_F,LYF
PENCOM_KBL_M,KBL
PENCOM_KBO_M,KBO
PENCOM_LIJF_M,LYF
USH_KBL_F,KBL
USH_KBO_F,KBO
USH_LIJF_F,LYF
USH_KBL_M,KBL
USH_KBO_M,KBO
USH_LIJF_M,LYF
ASH_KBL_F,KBL
ASH_KBO_F,KBO
ASH_LIJF_F,LYF
ASH_KBL_M,KBL
ASH_KBO_M,KBO
ASH_LIJF_M,LYF
AORV_Type4_KBL_F,KBL
AORV_Type4_KBO_F,KBO
AORV_Type4_LIJF_F,LYF
AORV_Type4_KBL_M,KBL
AORV_Type4_KBO_M,KBO
AORV_Type4_LIJF_M,LYF
AORV_Type3_KBL_F,KBL
AORV_Type3_KBO_F,KBO
AORV_Type3_LIJF_F,LYF
AORV_Type3_KBL_M,KBL
AORV_Type3_KBO_M,KBO
AORV_Type3_LIJF_M,LYF
AORV_Type2_KBL_F,KBL
AORV_Type2_KBO_F,KBO
AORV_Type2_LIJF_F,LYF
AORV_Type2_KBL_M,KBL
AORV_Type2_KBO_M,KBO
AORV_Type2_LIJF_M,LYF
AORV_Type1_KBL_F,KBL
AORV_Type1_KBO_F,KBO
AORV_Type1_LIJF_F,LYF
AORV_Type1_KBL_M,KBL
AORV_Type1_KBO_M,KBO
AORV_Type1_LIJF_M,LYF
LLI_LIJF_F,LYF
LLH_KBL_F,KBL
ALH_KBL_F,KBL
LLK_KBL_F,KBL
LLP_KBL_F,KBL
LLV_KBL_F,KBL
LLH_KBO_F,KBO
ALH_KBO_F,KBO
LLK_KBO_F,KBO
LLP_KBO_F,KBO
LLV_KBO_F,KBO
LLI_LIJF_M,LYF
LLH_KBL_M,KBL
ALH_KBL_M,KBL
LLK_KBL_M,KBL
LLP_KBL_M,KBL
LLV_KBL_M,KBL
LLH_KBO_M,KBO
ALH_KBO_M,KBO
LLK_KBO_M,KBO
LLP_KBO_M,KBO
LLV_KBO_M,KBO
